49,29,45,45,53,50,63,49,39,35,47,41,50,48,76,72,67,68,81,75,86,74,76,52,40,59,86,105,40,40,43,46,53,60,64,58,48,42,36,41,58,56,54,66,66,76,93,93,97,94,83,65,49,59,83,105,33,46,42,51,58,75,66,66,60,47,42,51,40,65,66,68,76,86,106,112,109,114,95,82,59,60,85,107,41,51,46,57,74,89,83,73,70,59,66,57,46,58,61,78,83,80,86,83,86,89,81,87,69,63,86,107,40,48,50,63,89,86,77,63,82,76,84,76,67,73,81,72,76,65,48,38,48,65,68,80,87,79,89,104,42,49,55,71,91,53,41,50,97,100,108,101,87,100,103,91,92,74,37,31,40,65,71,70,87,82,94,103,48,53,64,78,78,26,17,21,46,68,83,79,69,80,79,60,60,49,24,20,22,50,78,75,89,86,94,106,51,56,65,78,47,15,17,21,22,25,38,32,30,39,38,34,36,36,30,25,19,30,79,77,76,86,93,103,51,54,64,71,26,9,14,20,29,37,43,36,42,47,42,36,36,39,41,26,23,23,71,80,68,89,92,100,49,52,67,59,17,13,23,31,42,52,52,50,52,56,56,47,50,51,45,26,23,19,69,100,63,82,97,103,50,53,69,59,14,14,22,49,59,60,67,62,62,65,63,56,56,56,47,26,20,29,86,110,66,77,88,97,45,54,75,74,17,14,23,48,64,68,69,65,65,67,60,62,58,57,45,34,25,46,114,120,77,75,72,83,41,50,83,92,40,12,20,29,46,62,64,62,61,63,58,65,58,51,36,40,50,68,127,117,81,67,63,70,39,50,91,105,67,22,16,27,31,44,50,52,54,55,52,60,46,59,73,97,81,89,130,112,86,56,57,60,34,56,93,107,95,54,36,54,53,40,48,50,56,64,57,75,95,141,161,164,109,110,136,110,96,50,56,56,27,60,96,108,104,105,87,72,96,113,126,133,147,157,154,155,173,172,167,146,124,133,115,109,108,63,44,48,30,63,98,107,98,110,120,117,115,111,137,154,144,145,151,155,163,154,145,128,139,119,94,105,120,76,42,42,31,67,103,107,96,93,111,124,134,131,130,127,140,146,137,132,136,127,128,131,120,105,90,105,123,94,51,40,39,79,108,109,107,95,104,120,128,133,130,132,138,146,143,135,127,126,117,100,91,89,88,103,129,105,54,39,54,95,119,115,109,100,103,106,105,100,104,109,105,103,104,98,100,90,75,77,74,77,92,113,137,105,53,43,62,97,128,122,110,104,104,97,96,89,83,79,76,78,80,81,67,70,73,64,70,85,110,132,133,93,58,49,56,91,128,133,120,115,113,107,98,87,83,78,75,83,85,76,73,72,72,71,98,117,128,143,129,83,59,48,57,91,116,140,136,134,130,123,111,101,93,83,79,74,74,70,75,82,101,128,139,141,141,147,122,77,59,56,69,80,102,133,150,153,149,134,122,122,116,108,111,110,107,107,119,131,144,154,149,151,153,146,109,75,65,66,69,60,88,125,148,161,165,155,149,145,140,142,148,154,158,162,159,164,167,163,157,163,164,140,98,78,67,69,60,56,80,114,135,157,166,162,165,164,163,162,158,160,165,172,171,170,172,172,168,171,157,121,90,85,69,70,54,64,83,104,122,142,158,158,161,157,158,159,157,161,165,167,176,175,170,165,162,163,133,97,87,99,75,70,55,62,83,86,92,109,129,140,148,149,153,154,153,155,156,155,164,168,162,152,146,141,111,92,92,109,81,69
183,184,191,188,198,199,203,199,195,188,187,184,171,146,128,107,115,129,151,140,150,151,155,177,178,180,166,165,182,185,190,199,197,202,199,199,196,198,199,191,183,165,157,146,142,151,152,167,168,167,167,174,177,174,170,159,177,187,192,194,193,198,195,200,196,200,193,199,187,177,158,157,166,164,164,172,172,177,177,173,179,173,166,160,177,176,180,180,191,193,196,199,191,200,196,193,191,182,175,177,176,174,170,179,179,180,177,173,167,169,157,155,173,176,179,186,189,190,193,195,199,199,195,197,199,190,188,190,191,184,186,177,179,176,177,169,164,161,158,153,172,175,179,185,184,182,189,191,197,203,200,188,171,166,177,181,176,173,169,184,183,173,173,171,173,158,157,151,169,175,178,179,184,180,185,192,199,171,127,116,92,89,91,88,93,96,107,115,135,171,172,168,159,154,150,151,173,171,173,175,175,177,183,172,124,79,69,50,31,24,27,27,41,40,65,64,71,105,147,166,159,156,147,143,171,170,168,168,172,177,148,92,63,46,27,24,24,25,24,23,22,21,23,26,53,60,80,126,155,149,146,141,169,171,166,165,168,158,88,62,28,23,24,25,25,24,22,26,25,23,22,25,24,28,57,74,126,145,143,136,172,168,166,161,156,115,64,27,24,25,25,24,25,23,25,22,22,21,23,24,24,22,27,59,86,137,136,135,167,166,163,156,146,94,52,23,26,25,25,28,29,24,25,24,23,22,25,23,23,23,25,45,73,120,138,136,169,167,161,147,133,97,28,27,23,25,24,23,25,25,22,24,23,23,22,24,23,24,23,24,66,121,131,134,169,166,161,141,107,71,28,29,26,24,26,23,25,23,24,24,26,24,22,24,21,22,20,21,49,98,123,134,172,156,154,132,125,84,28,26,30,23,26,22,24,23,25,23,24,23,24,21,22,23,22,25,43,87,118,132,166,156,151,144,136,106,44,28,27,26,23,24,24,25,23,22,21,22,23,23,20,20,28,26,63,109,110,119,165,159,157,136,135,126,78,38,42,23,22,21,22,23,27,23,23,24,20,24,21,24,22,31,86,116,115,121,165,158,152,136,135,140,91,60,34,20,29,26,25,24,27,26,26,24,28,21,22,21,32,55,98,114,108,123,167,160,147,133,118,149,106,82,61,43,27,25,25,29,30,33,28,29,24,21,26,42,39,67,106,109,108,117,171,159,144,128,124,146,115,114,74,80,23,28,33,26,25,23,25,35,30,35,107,61,63,76,116,103,107,116,168,164,146,126,123,137,142,102,104,77,120,136,131,128,56,45,28,140,138,104,99,62,90,98,125,107,105,122,172,167,138,119,116,126,147,116,115,99,91,120,118,145,126,155,155,120,137,61,79,101,92,113,127,105,105,124,172,166,152,123,100,122,133,125,107,101,112,105,104,110,68,125,127,92,86,88,104,91,96,111,114,104,109,136,180,171,162,131,100,106,116,123,106,102,123,120,134,152,131,112,125,106,121,128,106,90,92,122,105,93,124,138,172,175,165,145,101,102,107,106,93,82,99,109,93,103,93,111,113,117,103,98,84,85,110,108,107,109,137,139,157,177,169,155,119,96,97,93,92,90,77,79,69,70,68,74,75,86,112,79,83,96,97,103,80,126,147,144,117,166,176,162,131,106,111,92,90,90,89,89,94,89,81,80,84,78,80,92,91,95,98,105,106,137,149,151,105,110,176,170,152,139,122,125,114,98,90,79,78,82,82,78,84,80,78,85,86,101,110,85,132,145,147,137
113,100,122,187,221,224,217,204,189,194,205,178,124,82,47,36,44,55,70,82,90,102,104,93,76,64,79,95,126,137,165,211,212,204,188,175,169,164,164,167,153,134,104,88,66,59,71,82,87,94,98,96,87,73,67,86,158,177,199,214,203,195,194,179,167,164,149,124,149,176,176,173,142,121,122,112,105,97,94,98,97,85,68,77,181,200,210,209,202,188,196,187,167,156,143,137,141,168,172,192,180,163,139,142,136,112,99,101,104,90,75,78,191,214,220,209,196,189,197,157,160,144,127,120,150,185,166,147,148,138,126,139,138,119,97,102,111,96,84,76,204,208,206,198,186,174,158,151,104,99,98,96,100,104,92,74,78,88,99,100,98,108,92,94,103,101,96,86,213,200,185,170,160,145,118,107,99,75,71,86,79,74,91,89,77,79,89,86,75,89,84,98,96,91,95,85,198,192,172,154,139,147,130,118,142,127,129,159,149,135,177,174,142,110,104,89,70,71,72,87,80,73,78,80,156,166,138,117,123,157,167,179,181,186,194,201,196,184,221,212,181,144,138,112,110,94,71,60,63,70,64,74,146,152,113,88,110,155,182,140,151,156,178,195,194,196,231,212,193,143,126,117,123,73,53,38,57,63,50,68,136,114,73,35,44,71,88,36,52,57,69,88,88,101,128,123,97,57,48,49,62,26,26,28,53,57,52,65,122,92,61,27,30,15,28,18,22,25,20,21,16,21,35,42,32,20,15,11,26,19,21,29,44,46,58,70,96,82,56,26,31,22,24,35,50,45,42,34,28,30,34,34,35,33,25,18,18,29,20,26,40,47,56,64,75,86,70,44,36,35,28,35,58,56,59,42,29,38,45,40,35,33,28,28,21,38,24,37,53,64,61,61,66,92,92,70,43,47,43,45,82,98,99,70,50,47,48,50,50,40,29,31,29,45,40,50,59,61,58,54,64,92,103,99,66,67,73,67,100,127,118,95,76,70,73,71,50,40,51,60,60,50,54,57,55,51,43,44,61,88,117,133,117,136,151,117,120,137,117,100,100,115,126,113,79,84,131,118,99,59,56,54,55,57,51,58,83,97,117,150,187,172,202,196,150,181,159,144,126,168,162,135,149,185,188,143,98,65,55,66,65,57,48,75,116,126,139,178,214,207,228,239,214,238,228,213,204,212,199,200,212,209,174,150,126,83,73,68,80,90,94,74,147,152,167,205,226,233,231,227,195,211,228,233,209,207,209,213,186,165,176,158,120,68,77,96,127,142,144,102,155,161,173,204,225,231,223,222,200,198,211,213,179,200,193,185,179,182,166,126,92,91,115,155,170,176,161,127,154,158,164,195,213,226,226,223,207,194,191,185,204,209,194,194,177,146,123,103,96,119,132,147,157,187,159,134,154,161,167,185,195,208,214,210,201,193,181,179,183,179,162,160,132,113,111,116,128,143,162,149,157,182,147,130,150,149,161,175,197,200,199,194,183,179,175,172,166,159,148,127,136,114,151,169,166,178,178,156,173,179,152,118,155,161,169,167,178,171,163,162,168,168,164,161,155,163,180,165,182,158,161,187,172,172,179,172,186,168,159,121,140,137,155,172,171,159,158,157,155,150,142,134,144,157,177,162,176,182,178,203,178,196,179,167,168,152,157,114,127,153,161,153,154,154,149,145,143,141,137,133,141,142,172,172,180,196,202,199,167,203,160,152,143,143,152,126,168,174,164,159,160,163,157,147,139,135,133,132,136,131,155,179,178,189,205,197,162,175,136,145,125,120,127,126
142,150,158,161,164,169,164,158,99,85,99,126,55,32,55,65,94,84,92,81,73,220,205,254,225,248,236,174,203,176,189,248,200,192,187,171,136,142,140,17,14,25,31,31,36,78,96,121,197,252,255,255,255,252,235,255,162,252,224,197,185,238,117,192,177,143,13,14,31,31,32,36,39,48,134,106,119,184,255,254,191,254,250,253,228,225,212,223,217,233,250,216,185,61,28,26,33,37,40,45,53,60,70,73,37,137,247,242,242,238,226,211,235,234,235,241,245,245,255,234,194,68,41,37,44,49,53,60,71,77,84,211,194,185,248,243,240,244,244,233,227,215,222,223,233,223,255,100,81,64,62,51,52,56,67,93,103,105,113,161,156,45,150,249,248,244,248,220,230,253,222,223,220,213,87,60,57,95,67,64,65,68,81,107,116,117,129,153,65,48,122,253,254,255,254,219,208,254,173,178,255,255,91,58,44,95,73,72,74,82,89,109,122,119,130,159,232,206,182,254,255,255,255,255,252,251,253,252,250,254,93,59,36,116,100,73,73,87,94,112,133,136,152,169,232,175,79,253,255,255,255,255,203,175,174,149,151,161,89,59,37,51,92,55,80,82,90,70,80,131,148,84,209,97,61,65,255,252,253,255,117,110,109,126,134,143,93,55,64,96,81,9,17,13,17,28,28,70,120,29,104,242,213,216,255,255,255,255,94,108,117,122,134,140,93,49,43,112,75,72,15,8,26,20,15,32,24,52,197,243,191,181,254,255,255,255,59,112,103,124,127,141,94,56,44,89,85,82,107,24,34,16,25,32,75,31,84,236,169,106,217,249,250,250,132,110,111,111,119,123,96,65,49,107,82,87,110,107,21,17,13,32,151,39,90,187,248,67,60,255,255,255,115,120,104,104,95,143,97,69,59,66,127,88,97,125,144,164,135,139,164,207,79,140,244,219,95,123,254,255,121,96,126,128,152,141,104,81,81,81,68,83,93,114,134,169,179,176,161,176,86,125,243,191,114,132,191,255,121,111,126,132,125,124,125,101,101,95,74,82,104,108,134,152,165,177,194,143,82,113,229,181,106,235,244,243,114,108,121,120,162,151,142,129,119,99,88,66,98,120,132,148,131,179,188,185,189,98,193,154,44,91,224,235,110,105,176,153,102,130,143,144,101,93,72,87,70,109,123,149,142,136,192,179,200,205,147,227,97,200,232,91,111,107,142,139,143,140,121,104,93,98,93,100,99,70,108,149,188,195,175,101,176,189,222,236,119,140,192,228,102,155,129,113,114,121,93,68,105,90,106,103,125,118,84,94,150,159,128,127,171,143,159,228,101,109,128,164,126,138,116,114,115,84,90,102,108,106,110,129,133,143,133,159,183,90,124,88,69,142,183,204,170,91,96,112,178,142,116,111,89,114,105,105,109,103,98,119,150,158,171,189,139,99,78,100,55,157,71,193,207,202,166,78,183,154,113,85,112,109,109,107,115,119,125,82,129,125,151,150,99,109,69,104,30,118,172,169,183,207,157,172,198,151,107,84,112,108,116,122,115,114,126,66,71,58,65,84,71,112,60,93,24,104,128,171,194,196,200,137,189,141,90,120,114,115,116,123,118,126,114,77,80,80,88,88,88,119,62,92,36,100,147,148,164,205,140,228,179,136,128,120,118,124,123,128,137,137,136,62,85,91,90,94,96,117,66,122,57,93,147,126,179,173,159,198,179,132,128,123,121,131,129,130,139,130,85,79,65,101,99,90,98,114,68,108,65,82,125,95,160,161,162,170
165,152,140,130,120,120,136,145,167,173,178,187,213,200,156,113,72,74,71,68,73,85,102,105,114,115,110,105,167,155,143,133,125,132,156,160,179,186,200,211,214,191,155,125,89,81,77,82,88,94,109,105,111,114,111,105,174,160,147,138,134,147,168,179,192,196,201,218,208,170,140,126,105,94,90,93,98,104,112,108,110,110,110,105,180,165,152,146,148,163,179,195,200,207,209,210,193,153,141,142,118,99,98,103,105,108,112,113,110,105,107,104,186,173,162,156,165,176,191,203,211,211,213,210,180,140,141,148,122,101,100,107,107,107,112,112,108,103,102,100,187,178,171,165,175,180,193,206,219,217,214,216,177,136,139,147,127,111,106,106,105,107,107,105,103,102,98,95,192,187,183,176,181,184,193,210,218,225,229,211,171,141,147,153,134,119,111,106,105,105,99,98,98,99,95,94,199,196,191,178,164,176,202,223,233,231,220,187,157,145,144,127,112,102,107,112,110,103,99,96,97,98,94,94,202,199,189,172,155,178,212,233,230,213,183,153,146,146,130,99,91,91,95,97,98,104,103,103,98,95,94,95,204,199,188,159,148,181,216,213,189,167,155,147,137,143,127,91,89,94,94,88,86,93,101,104,97,89,91,93,204,199,186,148,133,169,175,140,135,150,148,142,130,137,118,78,77,78,85,83,77,72,76,77,75,77,89,92,210,205,176,137,110,95,87,89,114,139,134,123,106,107,91,58,55,54,58,58,58,54,45,34,41,61,88,92,211,206,176,131,106,73,79,115,154,180,179,171,142,131,121,104,96,90,85,83,74,64,47,38,46,60,87,92,214,206,177,140,127,143,158,165,193,218,213,206,172,149,139,127,122,113,101,97,88,73,65,69,74,74,86,91,213,206,179,161,152,190,208,205,215,216,209,202,167,139,123,113,109,98,89,86,85,80,84,93,92,85,85,91,215,202,184,178,181,214,227,229,227,215,205,195,171,145,117,106,98,85,80,86,92,96,108,108,100,89,85,91,213,198,188,191,204,227,232,232,230,227,214,200,182,156,128,107,99,89,89,99,109,116,114,109,102,94,92,93,213,201,194,197,214,227,231,232,231,229,219,200,179,155,137,127,121,113,107,110,115,117,112,107,102,98,95,95,212,207,204,202,216,226,227,227,228,224,214,189,166,148,132,131,127,122,111,107,110,113,111,107,104,99,94,94,209,210,210,207,217,223,222,221,224,222,210,187,163,144,132,123,121,119,112,108,107,109,106,103,101,99,97,95,209,213,215,211,216,222,219,220,222,221,212,191,167,146,135,127,122,118,113,105,103,103,102,100,99,97,98,98,214,216,217,216,219,227,224,226,225,221,215,197,174,151,136,130,119,111,108,102,101,100,100,97,100,100,102,104,216,218,220,219,223,230,232,233,232,227,222,210,188,163,142,132,117,108,106,104,103,100,99,100,100,102,104,108,215,221,222,221,226,233,237,238,237,233,229,216,194,171,144,134,120,109,106,103,102,95,97,107,99,101,108,114,218,221,224,227,231,236,241,242,240,236,230,212,190,169,143,138,127,115,109,106,104,96,97,106,101,104,114,122,212,215,222,229,232,235,239,241,239,236,227,208,186,165,142,140,131,120,113,109,108,100,100,103,105,111,120,127,199,211,222,229,229,233,236,238,235,233,220,201,183,163,142,141,132,124,116,110,109,102,102,105,109,118,129,131,195,204,219,224,228,231,234,235,234,227,210,191,181,162,142,139,136,127,117,111,108,106,106,108,113,122,132,128
138,133,118,109,107,101,99,95,87,94,104,120,127,132,125,129,141,139,131,126,126,123,127,127,127,135,142,143,133,122,111,107,105,102,101,98,93,99,110,124,137,143,144,142,146,144,136,130,129,127,127,129,130,133,139,143,128,117,109,106,105,100,100,100,100,104,111,123,136,141,141,141,138,140,133,130,131,132,132,134,134,135,140,142,120,113,110,108,104,99,101,103,103,105,109,116,127,132,135,135,128,131,130,130,132,136,138,141,141,140,143,142,115,114,112,109,103,102,104,107,107,107,105,107,119,115,111,108,116,127,128,127,131,136,140,142,141,143,143,142,115,114,112,109,106,108,109,107,103,103,102,109,116,114,114,120,122,121,117,117,126,131,134,139,139,142,143,140,115,115,115,114,113,112,109,105,106,106,103,99,95,100,110,116,103,97,97,103,108,111,120,128,130,133,139,139,118,119,118,116,113,112,107,103,102,94,91,89,87,86,90,89,96,100,100,99,98,92,88,95,103,117,132,138,120,120,118,116,113,106,96,83,84,87,88,90,86,83,87,85,84,79,76,76,78,77,75,71,81,98,125,137,120,118,115,107,97,85,75,73,76,77,69,56,55,57,46,61,72,86,92,89,90,95,96,90,105,110,126,137,120,116,103,89,67,63,63,66,64,63,67,79,88,91,90,95,99,110,107,111,111,107,106,113,120,115,127,137,117,105,81,55,52,61,66,68,70,75,83,88,100,102,99,107,127,125,124,113,114,108,116,125,126,122,128,137,114,99,82,69,62,65,68,75,80,80,90,100,107,111,117,120,128,123,111,110,117,125,130,131,131,129,130,135,114,101,95,88,84,79,78,82,83,84,97,103,112,114,116,117,115,111,114,121,133,136,134,134,133,131,131,136,117,106,98,94,93,95,99,98,101,99,101,108,108,107,106,108,116,122,128,136,136,137,137,136,136,134,134,138,116,112,105,101,102,103,109,108,114,117,118,121,119,116,119,121,128,130,135,135,136,137,137,136,136,137,137,138,118,115,112,108,107,107,109,109,117,121,121,122,125,123,123,123,124,125,129,133,135,137,137,137,137,138,138,139,117,114,112,108,110,110,114,113,117,121,122,121,121,119,117,116,121,127,131,132,137,137,137,137,137,142,141,139,116,115,113,111,111,113,116,119,121,123,123,122,122,124,122,124,131,136,139,141,140,141,141,144,143,144,144,142,116,116,114,114,114,115,117,120,123,126,130,130,130,130,131,132,138,141,142,146,149,147,146,146,146,146,144,143,116,117,114,115,114,115,117,120,127,132,134,133,131,132,137,138,138,139,142,148,150,150,150,149,148,148,142,141,116,117,117,116,116,117,119,123,127,132,134,135,135,134,138,143,143,143,145,150,150,150,150,149,149,148,141,127,111,114,116,116,118,119,124,128,131,132,135,137,136,136,141,144,144,146,150,151,151,151,150,150,145,141,128,84,110,108,115,116,118,118,125,130,130,132,135,138,140,139,145,147,148,147,150,151,151,151,150,146,137,138,96,46,108,109,111,114,117,121,125,130,130,132,137,141,142,142,141,139,139,144,149,151,151,151,149,144,133,122,17,33,99,103,106,109,114,117,124,128,129,132,137,141,142,142,139,134,136,141,146,148,149,148,144,139,126,24,21,31,95,99,100,105,110,115,118,123,128,130,136,138,138,137,137,134,135,138,143,145,142,142,135,125,27,18,17,31,89,92,94,101,107,111,114,120,124,128,132,136,136,135,133,130,132,135,138,136,130,127,127,138,11,18,19,28
177,184,191,194,197,200,203,205,206,211,210,200,199,184,187,185,162,168,129,107,103,79,52,55,44,36,153,215,173,178,188,191,193,195,193,200,205,197,204,200,176,162,186,179,160,190,166,157,140,118,80,58,39,30,124,210,166,172,174,186,185,187,191,196,196,177,194,150,148,158,178,187,148,160,167,169,175,160,115,103,78,58,70,199,165,171,177,182,180,182,192,186,190,173,148,127,150,177,162,136,146,200,159,181,160,156,139,128,103,72,37,188,159,164,166,177,161,156,166,168,168,157,146,130,158,152,143,114,141,180,169,150,163,162,142,134,112,91,52,123,161,162,162,165,141,146,154,168,148,147,156,151,150,182,163,122,154,172,154,148,159,163,136,132,120,102,69,39,158,157,143,139,130,142,130,142,149,161,176,130,161,177,154,135,158,141,144,160,150,136,151,123,122,108,75,38,156,158,128,126,116,123,110,133,157,165,184,122,179,189,209,177,161,136,130,158,152,154,156,98,133,112,77,39,146,134,97,91,76,97,113,144,137,113,97,96,106,107,113,191,217,212,172,170,156,144,120,105,114,103,89,43,144,145,118,109,58,79,97,85,65,55,34,18,24,36,47,80,112,120,134,159,142,153,136,106,131,101,79,43,148,127,97,82,70,61,55,39,25,14,16,17,16,17,17,23,34,52,84,101,120,144,147,114,116,97,71,41,136,122,105,87,59,60,43,17,11,14,19,17,19,18,20,17,15,16,20,46,74,100,104,104,113,76,84,40,117,116,125,90,58,90,56,29,13,14,16,18,20,19,19,22,19,19,19,19,16,29,70,96,58,63,62,27,123,109,87,85,120,115,132,84,21,17,16,19,20,21,23,21,20,20,20,19,20,21,15,42,49,51,58,26,90,111,90,93,126,138,125,144,67,13,12,18,24,21,23,26,23,24,25,24,21,17,17,17,32,43,38,36,89,96,106,119,137,143,126,156,131,82,14,14,15,20,24,27,26,26,25,21,16,16,18,16,25,37,39,31,91,97,127,132,135,139,137,129,159,138,79,11,17,21,21,23,21,19,16,17,17,15,26,16,45,62,60,33,97,96,117,142,140,145,142,120,136,164,146,163,29,21,26,27,21,20,20,18,15,20,10,74,115,121,61,43,59,104,150,148,143,145,146,127,124,146,160,160,164,178,173,83,32,26,20,21,17,23,87,125,145,112,74,41,65,75,98,129,139,150,141,125,105,123,143,164,186,199,176,177,174,163,119,36,37,54,162,150,134,86,75,49,66,86,78,114,129,143,143,133,101,104,129,157,177,184,164,178,177,191,175,161,140,162,167,147,115,70,72,56,62,82,75,118,135,143,142,141,124,85,62,119,127,158,162,165,165,157,195,179,171,198,133,144,76,64,75,53,54,54,68,95,133,139,135,132,146,132,89,54,52,81,105,136,149,152,152,141,125,122,106,64,52,71,82,58,61,46,65,84,120,140,137,128,131,143,124,80,59,46,37,52,73,109,114,108,96,81,60,49,67,80,74,58,48,61,75,78,118,134,140,129,120,129,126,101,80,56,43,37,33,45,57,60,55,44,48,62,75,80,74,59,51,52,103,111,121,126,145,126,125,116,132,128,129,113,108,75,53,34,44,46,48,53,71,72,80,84,73,46,44,63,67,87,117,158,161,155,132,116,126,155,163,162,158,157,136,113,84,83,77,76,72,78,85,82,60,33,51,39,51,90,90,116,122,157,154,136,139,152,157,154,161,158,148,128,107,88,79,72,76,85,77,68,58,19
208,171,142,134,128,120,120,118,121,129,130,120,121,125,124,124,127,127,122,121,126,129,127,128,132,137,146,153,213,193,166,150,143,133,127,131,135,135,132,129,128,127,127,129,127,122,117,116,118,117,119,125,130,135,141,149,218,206,183,165,159,156,152,153,151,141,128,120,120,119,113,112,113,112,111,112,113,113,115,118,124,127,134,142,223,221,212,204,196,180,174,156,130,112,108,111,102,93,95,98,97,94,92,91,94,100,103,106,107,113,124,129,226,234,227,220,211,181,132,122,118,113,104,92,97,97,95,98,88,78,78,77,82,87,96,103,104,103,113,115,228,227,206,191,182,154,124,113,104,99,97,92,88,78,73,78,76,72,70,61,62,64,65,69,76,91,98,103,218,198,167,151,144,126,104,100,92,88,81,74,75,80,83,94,107,107,96,79,73,83,71,62,77,75,71,84,175,148,129,121,108,96,89,81,78,75,81,95,110,123,116,109,131,140,117,93,94,123,102,75,93,91,59,74,142,122,114,110,92,80,84,111,130,139,126,126,150,166,140,115,148,171,139,103,112,155,131,94,118,122,69,82,120,126,113,129,128,136,160,193,193,178,122,156,180,170,163,142,166,184,143,119,136,152,130,105,140,136,71,79,117,105,146,220,217,156,195,212,197,191,161,183,186,173,168,153,173,183,147,130,136,161,136,108,134,139,83,67,96,118,220,233,216,189,195,208,201,196,180,185,191,171,167,156,168,182,164,128,86,146,123,51,26,22,19,20,95,109,231,230,213,202,203,205,200,190,186,181,168,178,112,15,93,172,92,9,6,27,16,11,17,22,14,21,147,116,205,221,223,203,206,199,199,201,171,69,25,12,13,13,12,12,10,20,26,13,16,27,22,30,30,30,145,126,195,222,212,165,100,115,125,93,65,13,8,15,23,31,29,21,23,21,31,32,36,30,41,38,35,37,133,136,94,97,71,31,18,10,19,6,4,12,13,41,49,48,53,41,36,40,42,45,42,41,51,44,51,55,156,146,93,28,34,41,29,23,19,12,0,9,34,69,70,62,64,52,50,53,52,56,60,62,68,60,62,54,150,159,145,35,35,43,34,31,23,16,3,13,66,98,94,79,71,56,60,72,66,69,68,69,72,72,60,66,159,166,176,98,47,37,30,30,18,13,2,30,100,127,117,97,82,68,75,73,70,77,77,75,76,75,72,99,176,174,179,168,71,37,32,21,14,8,4,63,134,154,139,108,89,91,105,84,78,83,86,78,80,74,105,111,180,179,189,208,113,60,38,12,11,2,5,103,157,172,163,130,104,108,130,109,93,88,85,79,75,92,114,111,178,182,193,210,155,97,48,9,11,2,11,122,162,181,177,152,121,110,132,115,94,93,84,86,97,113,110,114,180,183,203,207,189,126,64,23,8,4,17,138,170,178,164,145,126,119,141,125,98,91,90,106,116,105,108,115,192,183,204,215,205,171,88,43,8,3,6,142,172,177,177,154,130,130,143,117,96,92,113,133,113,100,105,113,205,184,194,215,215,208,109,52,12,7,0,127,156,165,169,153,131,119,123,103,102,123,128,124,107,98,113,112,210,197,196,214,215,225,142,65,16,8,1,108,139,155,144,138,122,101,116,118,136,138,113,104,99,109,118,117,211,207,200,215,216,226,184,82,34,5,2,66,110,137,138,130,110,96,122,142,142,117,95,102,98,118,120,119,202,211,200,213,212,218,221,108,62,13,5,24,76,108,120,105,97,125,162,144,107,109,95,96,115,122,117,118
128,129,128,115,111,112,110,106,94,75,60,56,75,129,159,164,203,208,217,222,219,224,224,223,219,216,209,203,122,123,119,110,108,106,112,108,101,89,79,82,109,162,186,166,201,217,217,222,227,225,223,223,221,220,212,206,115,117,112,107,105,108,108,109,106,102,106,111,138,184,197,165,198,217,222,224,223,224,223,222,222,221,215,209,109,109,107,102,103,103,106,111,116,125,131,133,153,194,202,164,196,215,218,222,223,224,223,222,220,221,216,212,104,103,102,101,99,103,110,123,131,140,141,140,161,203,201,165,199,218,221,220,220,223,222,221,218,219,217,214,97,96,96,97,99,108,118,130,137,142,146,147,166,201,203,176,197,215,219,221,221,224,223,218,217,217,217,215,91,92,90,93,94,105,117,125,124,138,146,142,151,181,196,184,192,200,207,218,226,225,220,219,217,215,214,214,86,88,86,91,91,97,110,118,107,110,106,98,94,110,138,156,139,134,142,172,200,217,222,215,211,210,210,211,84,83,82,85,81,87,94,94,82,78,76,72,66,71,92,126,113,121,117,122,147,184,212,212,208,205,206,205,84,81,81,78,67,68,69,70,59,50,51,52,51,53,73,117,105,93,104,101,113,134,160,187,196,195,203,205,82,84,84,76,57,55,50,46,37,35,39,38,35,37,52,81,75,64,77,82,106,108,110,141,162,173,196,204,76,83,86,80,60,41,34,31,28,30,38,41,42,45,52,59,69,75,83,83,95,99,95,88,103,145,182,197,73,82,85,89,79,50,44,40,46,51,60,71,71,82,90,115,119,136,140,155,154,147,132,105,93,128,176,187,73,81,82,89,95,80,73,60,54,57,77,90,97,101,111,119,132,157,154,171,172,171,171,172,172,168,184,189,73,76,76,79,95,94,86,81,71,67,92,106,119,117,130,120,140,157,153,163,165,171,180,194,199,191,183,188,70,71,75,75,83,85,75,77,78,80,95,104,121,120,125,124,139,158,155,165,172,188,203,209,202,193,187,187,65,67,70,75,75,76,70,64,69,74,89,103,111,113,112,122,130,146,153,170,181,195,205,210,205,200,195,189,61,62,62,67,71,69,69,66,65,69,86,104,107,107,109,116,123,139,156,177,189,202,204,201,203,200,194,191,59,58,58,63,66,63,65,68,70,73,82,93,97,96,99,102,113,133,158,177,188,195,199,204,202,200,196,194,55,56,58,61,66,66,67,71,73,79,86,93,96,86,83,88,103,126,153,170,177,195,199,200,200,197,195,194,52,54,55,59,63,68,70,76,81,87,96,108,120,122,123,126,132,145,159,173,184,194,198,200,199,197,198,196,50,52,53,57,60,68,73,85,97,105,121,139,160,166,170,174,172,176,181,186,197,197,198,200,200,199,199,199,50,51,52,55,60,67,77,92,109,121,138,154,176,182,181,192,196,200,201,200,202,200,199,200,201,200,202,203,52,54,52,53,59,65,77,92,116,131,142,156,175,184,185,195,202,205,208,206,206,202,201,201,201,204,204,204,51,50,52,53,59,62,74,88,114,127,139,153,171,186,191,198,203,205,209,208,207,205,205,204,202,206,204,199,60,51,52,52,58,58,68,84,108,118,131,148,161,180,189,194,200,208,213,209,210,208,208,206,206,206,205,201,64,61,55,50,55,55,62,78,98,107,122,138,154,172,180,184,194,206,212,211,211,207,207,206,206,205,204,202,41,61,61,54,54,54,58,72,89,101,113,130,149,161,168,171,186,198,205,207,209,205,204,203,202,202,201,190
123,120,108,106,109,104,128,104,107,101,107,101,93,99,96,105,139,99,111,103,126,120,98,116,123,124,109,102,138,125,114,113,130,114,117,116,102,102,117,139,113,97,101,93,116,112,94,116,127,97,116,129,125,101,111,80,113,129,102,105,127,125,128,114,119,106,122,125,133,124,131,128,145,109,107,105,117,108,128,128,110,106,98,98,135,107,126,143,127,134,149,147,149,132,164,192,200,193,151,146,126,99,99,109,100,104,120,96,117,88,106,93,98,124,156,116,132,104,102,126,132,135,139,153,159,153,139,137,112,86,88,98,77,68,53,39,35,44,90,93,105,58,38,57,70,99,97,98,111,94,129,108,95,150,156,129,187,166,176,196,120,115,142,107,111,54,29,109,28,40,26,156,136,150,219,189,239,160,248,235,195,249,236,160,230,200,232,198,219,177,227,179,126,62,83,131,50,82,58,170,208,217,232,205,242,194,237,235,224,239,234,191,233,206,233,185,219,182,211,156,77,101,146,164,170,124,108,47,181,224,225,208,234,222,232,232,232,240,239,220,225,208,215,176,222,147,91,4,3,86,192,163,192,141,114,62,15,186,119,201,231,196,232,237,207,231,231,169,220,136,156,52,19,9,12,45,18,159,179,160,177,169,110,62,37,70,13,26,30,23,20,18,37,22,25,25,19,30,27,31,27,24,29,21,102,187,171,177,172,175,143,75,51,153,97,64,55,52,42,37,41,38,58,46,49,46,36,65,39,16,56,71,161,158,169,178,163,173,161,113,99,141,167,74,80,66,57,62,53,46,51,55,59,60,61,63,46,76,117,124,150,157,176,168,173,173,167,148,79,155,195,107,114,104,105,95,94,71,88,75,89,115,92,93,62,188,99,157,161,156,174,179,173,163,174,143,164,180,193,195,124,138,144,138,133,116,119,133,158,149,106,119,215,92,141,135,146,170,180,160,172,167,172,150,138,117,183,181,162,120,138,176,160,136,137,175,176,118,128,193,111,134,115,148,150,168,174,156,153,183,168,162,140,140,108,108,181,106,81,119,181,125,173,145,78,212,145,103,145,116,136,153,146,159,171,139,160,198,168,158,150,133,134,138,97,159,190,216,218,221,199,179,117,98,123,142,116,129,139,145,155,169,159,127,135,182,152,166,152,140,143,153,146,128,132,114,116,133,126,138,177,147,127,121,117,143,156,143,164,181,159,125,101,150,156,166,159,155,142,122,143,147,194,227,230,204,238,200,174,155,121,128,138,153,147,146,156,162,141,151,108,188,165,163,169,146,157,142,132,143,163,164,186,190,174,171,144,132,130,146,152,150,128,134,172,152,157,125,128,129,133,187,134,144,159,150,152,143,144,162,158,153,135,129,142,146,154,153,128,142,128,142,167,163,114,121,116,111,146,167,156,113,132,122,137,144,141,136,131,128,137,145,145,145,144,134,134,131,129,138,153,125,131,106,118,114,166,162,159,140,139,125,113,113,130,135,128,121,147,119,133,139,91,104,124,140,129,155,133,124,93,105,131,108,154,132,166,151,147,107,121,106,112,135,106,133,143,113,107,100,106,123,112,136,146,169,124,124,132,100,139,102,148,126,155,160,128,142,132,101,111,120,113,115,123,123,94,105,115,123,139,144,154,126,135,90,95,79,135,106,105,109,120,160,149,134,146,114,118,124,105,120,128,105,121,117,125,139,147,124,158,134,84,50,98,44,96,143,89,125,136,124,143,129,138,119,128,126,124,108,138,119,101,125,102,132,140,99,127,105,110,73,61,64
63,56,43,35,35,48,48,39,28,22,23,23,20,20,19,18,19,28,30,25,24,29,38,56,86,131,137,135,60,53,37,30,38,49,38,23,17,18,25,26,23,22,18,15,15,22,20,14,20,27,37,52,67,98,127,135,59,49,34,32,42,46,26,20,25,30,38,36,33,29,20,14,16,18,16,9,21,28,39,50,59,88,123,133,57,45,33,34,39,36,27,29,41,45,45,47,44,39,34,25,19,18,18,16,24,30,39,47,53,69,106,134,54,45,35,36,38,34,43,49,59,61,57,55,50,48,48,43,33,31,31,37,44,46,43,45,50,60,81,122,53,44,36,36,35,34,49,58,63,57,53,51,48,48,49,47,47,50,50,56,59,60,54,50,52,57,62,86,55,45,40,36,31,29,40,49,52,48,49,46,45,45,44,45,48,49,50,53,53,57,67,67,70,68,69,76,56,46,41,33,24,23,22,28,37,40,40,40,40,41,43,42,40,41,45,45,45,50,52,69,89,89,79,75,56,46,39,29,17,22,12,8,12,16,16,19,22,31,39,38,37,36,39,40,40,41,46,46,70,92,97,86,54,45,35,29,19,28,19,12,4,1,2,2,3,5,19,26,31,31,34,36,38,38,41,44,54,73,96,87,52,42,36,36,32,36,26,18,5,2,0,1,2,3,3,7,12,13,15,16,19,26,34,40,44,54,75,94,49,38,40,40,42,40,31,24,7,2,0,0,2,1,2,1,3,3,4,4,4,6,12,21,36,42,52,77,48,41,44,46,53,47,34,29,12,4,1,1,1,1,1,1,3,5,3,2,2,2,1,5,18,32,38,56,47,44,44,53,62,52,40,29,18,8,2,1,2,3,3,3,4,6,3,0,1,1,0,2,3,10,33,41,46,46,51,61,65,60,42,33,25,14,5,4,2,3,2,3,2,3,4,1,1,1,2,1,2,6,25,37,49,52,60,68,71,70,44,38,29,21,15,6,3,2,3,3,3,5,4,2,2,1,0,2,5,18,27,42,50,54,64,72,79,84,59,44,32,27,21,13,7,4,3,2,3,3,4,4,4,4,9,8,19,38,45,55,52,57,67,76,83,86,76,53,37,32,30,31,18,13,7,3,4,4,6,6,6,13,18,21,41,54,64,67,55,60,67,75,79,81,83,62,46,38,38,38,34,31,25,9,8,7,10,11,17,28,34,54,68,72,79,76,57,61,65,73,75,76,74,64,49,42,42,43,42,39,40,37,31,32,39,45,58,77,81,88,82,89,89,88,58,62,65,72,73,74,69,60,48,46,45,45,46,43,43,43,45,56,63,80,90,89,90,93,91,96,93,90,59,62,65,68,70,73,67,57,47,46,43,46,49,50,49,48,50,65,77,86,85,87,93,97,100,97,93,90,61,61,62,66,68,71,67,59,48,43,43,45,47,48,48,52,53,67,76,75,79,87,94,100,99,95,91,90,59,51,50,59,64,67,65,61,46,39,38,41,43,44,45,50,53,63,65,70,78,87,94,99,92,91,89,89,51,38,41,57,61,65,65,61,47,27,27,32,38,44,45,48,49,57,60,72,78,85,88,89,88,88,89,85,53,42,46,49,55,61,60,59,47,24,14,17,26,37,43,45,47,57,61,70,73,82,82,83,88,88,84,82,45,34,42,48,50,57,58,55,45,28,13,8,11,17,33,43,46,53,60,63,69,77,80,84,88,82,73,78,42,30,37,45,46,51,55,54,47,31,13,10,12,17,30,38,44,51,57,63,69,76,80,82,88,77,72,81
154,151,153,157,158,160,161,162,163,152,144,129,120,113,108,103,106,111,110,111,109,111,110,113,117,121,126,127,154,152,155,161,164,164,165,164,162,147,134,121,113,110,108,104,109,112,108,107,102,103,104,108,113,116,125,120,153,153,158,163,165,166,166,164,155,140,126,118,109,108,107,105,105,103,102,102,102,103,109,112,111,116,121,118,153,154,159,165,167,165,167,162,148,135,121,113,109,107,103,102,102,102,103,103,102,104,113,114,111,116,117,117,153,156,159,163,164,164,162,153,140,130,115,110,109,104,102,102,104,106,104,107,108,110,115,114,110,110,110,115,152,157,159,160,157,157,155,144,131,120,111,107,105,107,105,104,111,114,114,115,117,118,120,120,120,115,111,115,152,154,158,158,157,157,155,142,129,118,112,108,112,112,116,119,122,123,124,123,127,133,138,138,136,135,132,132,151,152,156,157,157,156,150,138,127,119,114,115,118,123,125,129,134,129,136,137,142,148,153,150,142,138,137,134,151,153,155,159,159,154,147,137,128,118,117,122,125,126,129,135,141,147,146,152,139,134,144,139,121,119,126,129,150,152,154,156,158,153,144,135,127,128,128,130,134,137,138,142,148,144,137,142,180,187,174,158,165,182,157,147,150,151,152,154,154,152,143,135,131,136,136,136,138,141,143,150,148,143,170,160,189,199,187,179,181,189,156,179,151,152,151,151,150,149,140,136,136,137,140,138,137,142,147,136,67,44,62,71,122,131,145,160,170,163,163,179,152,151,151,150,150,148,138,137,139,144,141,141,137,136,124,60,46,47,61,72,58,58,74,71,71,81,98,117,149,152,152,148,149,146,140,140,142,144,143,140,139,120,91,75,57,46,59,64,62,72,78,75,86,73,97,140,149,152,152,149,148,146,142,145,146,145,144,142,128,107,96,83,66,48,48,59,65,73,79,85,88,89,120,149,150,151,151,149,149,148,147,148,145,141,139,121,114,112,103,90,85,57,40,48,64,72,81,87,90,94,142,165,149,150,150,149,149,149,150,149,145,141,135,113,114,112,107,97,89,68,36,42,65,70,83,90,94,104,156,170,149,150,150,150,150,150,150,150,143,138,112,112,113,114,108,101,91,73,37,40,62,68,83,94,97,130,161,168,148,149,149,150,151,150,147,145,135,110,109,110,114,115,110,104,95,86,46,39,59,68,82,96,110,154,165,171,148,149,148,150,152,151,144,144,134,110,108,110,115,115,111,106,97,91,54,38,59,67,83,97,128,157,160,167,148,149,148,150,151,150,139,144,130,110,109,113,114,115,114,112,107,90,43,42,58,64,89,105,141,154,166,182,146,148,146,146,146,147,137,144,129,111,111,114,114,116,117,120,111,91,27,43,58,66,90,110,151,163,170,133,147,148,144,144,142,142,137,145,130,115,114,115,116,118,118,120,116,64,32,43,62,70,98,131,156,156,163,114,144,145,144,143,141,139,137,145,132,117,117,119,118,119,111,105,74,32,33,51,73,80,109,139,156,162,116,82,137,140,143,140,139,138,136,147,132,109,109,103,99,96,96,90,90,78,46,60,75,81,112,145,152,147,68,73,134,138,143,143,141,141,136,145,131,86,77,79,76,81,106,112,101,86,56,66,73,77,118,146,146,70,59,93,135,138,144,144,144,143,137,139,132,91,73,74,77,81,82,91,95,88,59,66,72,86,124,144,131,47,43,105,135,138,143,146,144,143,137,136,132,101,84,78,76,74,72,101,119,106,65,64,72,97,131,142,105,69,52,104
81,67,84,89,90,94,109,49,7,7,6,10,8,8,7,7,6,7,9,13,41,93,126,150,144,126,131,161,92,81,85,102,100,107,99,9,7,5,5,4,5,5,6,6,6,4,8,8,19,55,105,147,155,151,121,161,100,91,112,109,113,116,47,9,4,3,3,3,3,4,4,4,4,4,5,4,7,31,83,133,148,137,152,150,100,104,112,101,117,118,8,4,2,2,0,1,1,2,2,2,3,3,2,2,2,11,51,125,148,158,135,131,115,116,114,115,141,73,5,5,1,1,2,2,3,2,3,1,2,2,2,1,2,7,31,92,145,167,135,151,135,127,129,113,143,30,5,2,2,4,4,0,4,3,3,1,1,2,2,2,2,3,20,39,128,146,151,140,121,136,135,125,115,40,64,83,93,95,78,52,16,8,2,4,3,2,1,2,3,9,3,42,128,159,148,142,118,144,157,151,138,106,107,124,134,145,133,133,123,71,42,15,9,10,1,5,5,4,3,28,137,152,155,144,146,150,143,115,135,124,126,124,138,124,141,140,133,120,118,122,60,9,7,3,4,3,3,24,121,170,167,142,135,135,135,95,107,114,131,121,134,136,133,142,135,121,133,156,148,79,10,3,3,2,3,28,109,156,170,150,125,142,144,100,85,112,111,136,125,130,141,145,147,110,130,143,148,140,45,8,3,5,4,39,107,139,171,163,104,151,130,105,77,99,102,101,118,144,132,135,132,103,113,147,167,142,77,6,11,4,6,63,111,125,163,158,107,127,123,121,81,72,83,96,98,93,125,147,144,100,137,150,189,148,67,143,147,17,54,94,114,121,164,147,120,110,123,125,110,56,66,74,81,99,113,91,85,84,85,95,102,88,98,77,81,96,103,109,108,126,161,152,114,103,108,129,116,77,64,69,66,79,101,118,129,135,133,138,122,126,125,138,139,138,115,95,109,138,161,157,106,123,119,126,124,100,78,72,71,71,85,95,117,156,164,171,170,175,225,188,177,121,103,107,125,141,159,159,123,114,124,127,125,119,95,81,79,79,83,96,97,114,122,150,185,173,144,125,123,120,128,134,141,154,155,149,87,116,120,125,126,126,112,90,89,84,75,82,94,101,96,108,123,125,126,122,108,111,124,137,147,147,156,149,95,106,108,115,124,128,127,113,109,99,72,75,74,87,80,84,86,86,100,107,122,126,139,148,154,151,141,135,101,98,117,119,120,132,129,124,124,134,134,129,135,121,105,98,129,147,152,156,164,159,148,155,153,149,129,125,76,92,113,120,125,132,129,133,117,128,135,140,188,166,167,161,167,160,164,172,166,163,164,145,158,148,142,107,68,78,97,102,130,132,141,129,121,126,130,143,146,147,160,174,183,180,161,161,145,162,151,157,139,138,118,110,44,78,74,105,124,140,111,119,133,123,121,117,131,149,144,160,167,185,213,175,166,159,137,149,128,114,122,110,46,58,70,76,113,140,124,113,97,110,116,123,119,147,150,174,159,176,166,162,144,144,140,125,110,125,120,141,37,48,53,77,98,123,126,111,107,102,114,123,150,141,163,183,160,169,171,161,154,115,115,117,121,108,130,115,36,35,54,58,92,88,102,116,105,92,107,131,144,177,163,216,167,172,188,155,159,134,111,117,138,114,145,122,20,23,43,35,72,77,109,116,110,99,105,120,152,176,200,174,134,141,145,167,183,149,143,148,167,114,114,120,6,18,38,29,43,58,107,109,107,110,115,112,128,156,115,143,144,128,125,121,147,102,116,136,148,106,101,81
145,147,148,148,148,148,145,143,138,135,135,124,114,107,92,78,70,72,60,86,94,96,102,104,110,116,48,123,150,150,150,149,148,146,139,125,117,109,103,52,49,44,37,60,68,67,54,87,85,96,98,98,99,114,134,86,151,151,150,149,146,141,125,117,104,100,26,30,32,30,33,42,66,71,68,79,68,97,102,103,100,112,134,76,165,160,158,154,150,141,124,123,116,27,20,25,39,49,62,71,60,64,74,83,88,98,106,109,105,106,122,120,243,251,250,243,247,159,142,132,47,34,35,46,75,88,99,112,111,87,181,58,57,186,208,232,196,152,132,121,220,252,249,250,255,254,255,146,78,41,44,84,100,109,123,136,134,145,185,130,43,243,239,251,249,252,248,252,204,212,211,253,255,255,255,155,75,51,52,113,124,138,149,158,155,171,196,64,30,40,236,251,253,245,248,186,206,221,211,201,209,254,249,18,62,44,55,117,135,147,152,162,161,179,189,208,82,83,206,248,251,203,245,247,207,31,29,26,114,55,18,15,35,45,44,114,132,156,162,166,164,200,110,209,92,45,174,254,253,239,253,180,206,19,16,16,11,13,11,11,12,47,55,89,145,223,142,165,182,133,68,214,50,40,51,253,253,214,184,228,131,15,10,12,10,14,10,12,115,98,80,48,125,96,127,195,144,195,145,106,218,117,90,255,252,228,206,227,204,146,11,9,10,13,13,15,25,142,106,41,60,51,18,114,22,84,246,45,217,107,82,255,255,255,255,233,16,13,11,10,10,13,15,15,18,92,108,165,32,30,45,114,142,34,172,64,213,52,37,208,255,255,255,255,9,10,11,10,15,16,15,13,13,119,116,137,152,149,145,121,178,205,40,67,170,226,49,125,255,255,255,255,5,9,10,11,18,17,13,11,11,11,95,138,167,179,129,152,194,214,52,70,166,226,122,62,254,255,255,255,10,10,8,11,13,12,11,9,9,9,81,126,164,162,140,164,180,167,67,66,124,223,74,115,251,252,255,255,11,10,8,8,10,9,9,5,6,5,68,123,159,139,144,144,192,81,75,60,94,218,207,50,197,237,196,250,5,9,11,12,10,5,5,3,4,35,90,127,132,163,136,95,182,81,81,75,87,209,222,50,72,235,243,235,4,8,19,11,8,4,41,53,37,51,106,109,123,159,139,109,169,84,99,53,80,199,214,107,75,239,234,232,4,10,9,7,57,53,39,44,56,64,118,122,120,142,142,145,77,87,99,104,127,158,208,83,89,93,233,231,10,10,9,73,69,61,74,45,52,67,67,135,121,136,165,163,89,101,92,127,140,105,206,64,98,178,166,123,9,8,10,64,72,65,52,78,50,61,72,78,163,159,140,121,96,109,91,78,124,150,194,140,75,112,156,180,10,9,74,66,53,78,74,56,82,47,77,80,86,83,106,105,106,120,106,94,116,121,164,93,71,84,71,93,9,9,74,66,73,71,73,92,76,84,66,79,95,102,103,117,117,122,100,104,108,93,151,73,61,62,41,42,9,10,79,81,63,63,87,89,85,100,99,103,101,82,96,108,118,123,89,248,103,103,120,66,36,33,31,36,9,9,79,72,75,84,66,70,90,97,97,95,73,68,95,117,122,97,101,247,69,86,120,151,70,52,27,33,10,9,75,76,75,86,83,95,83,101,97,202,176,114,121,123,130,111,245,241,57,96,107,199,59,74,79,109,10,10,77,81,58,80,87,74,81,232,238,241,243,236,124,129,137,121,240,115,108,85,208,223,231,68,74,79
136,139,145,154,168,174,179,180,182,170,160,151,149,145,150,143,147,134,97,89,93,85,115,114,113,122,126,134,126,131,136,144,158,164,172,174,173,172,170,165,165,160,166,171,171,164,143,124,116,129,143,148,135,139,141,146,115,122,126,135,146,157,165,168,170,174,174,171,171,170,178,182,188,182,164,143,139,152,165,158,144,146,148,154,107,112,118,128,137,144,152,160,164,169,171,172,172,172,178,185,196,191,176,163,151,168,182,175,155,152,151,154,103,105,112,123,130,135,142,150,157,163,166,174,171,169,175,187,202,200,182,177,172,182,186,188,160,151,149,151,100,96,106,116,118,122,129,138,148,154,157,167,170,168,170,182,196,191,184,185,185,186,186,190,158,148,146,145,94,93,103,103,109,113,118,128,133,142,148,158,161,171,170,166,174,200,211,188,169,190,201,184,156,147,142,139,87,89,97,93,92,96,100,108,118,130,138,147,153,143,128,117,112,128,162,193,211,182,143,124,121,131,136,133,84,84,87,84,75,75,75,80,99,114,122,119,97,82,81,88,89,97,101,111,126,116,111,91,80,83,105,121,80,82,79,68,50,49,49,53,56,62,57,44,41,57,66,73,74,69,66,88,93,91,83,71,64,57,53,84,73,76,74,59,37,25,12,13,16,16,19,17,29,42,44,42,40,47,50,62,74,64,55,35,25,29,20,29,72,73,76,70,49,48,44,20,21,21,35,42,40,55,55,65,56,50,41,50,69,46,54,40,22,17,10,12,73,73,79,83,76,83,99,95,72,98,127,145,152,149,145,144,119,76,44,50,72,96,121,121,92,40,14,33,73,74,82,94,91,85,81,100,104,123,120,146,166,195,216,215,209,189,158,164,172,189,181,175,142,87,70,90,72,71,82,95,103,97,79,88,92,117,125,133,135,167,206,221,229,219,214,222,220,210,199,165,126,95,84,83,70,70,83,97,104,106,88,76,78,96,124,128,119,138,157,175,190,194,187,188,188,189,182,134,106,97,74,82,67,73,82,92,98,94,85,75,62,68,86,113,128,132,143,160,178,169,158,164,160,157,134,113,114,80,65,87,63,69,77,86,92,93,86,74,62,49,50,68,104,127,139,137,145,134,129,139,139,141,122,113,82,56,74,91,63,68,76,79,85,87,83,76,66,50,36,30,41,68,96,115,121,124,120,124,125,122,101,65,36,58,83,90,58,65,72,76,83,85,82,78,70,55,39,28,21,18,19,34,36,45,45,36,37,34,24,19,51,73,82,79,57,63,69,77,81,86,82,81,78,72,58,44,30,20,14,15,10,10,10,12,14,17,26,51,65,80,76,67,55,64,71,77,81,89,89,93,91,89,82,72,58,43,30,25,22,23,22,26,30,43,55,71,77,79,72,64,50,62,71,75,81,91,96,103,105,103,98,93,87,80,74,66,55,54,58,61,62,77,88,92,87,80,73,63,43,57,66,74,81,91,104,112,122,122,124,125,120,116,114,109,107,112,112,112,108,111,108,101,96,83,73,61,36,54,66,73,79,88,104,122,131,132,139,150,149,148,148,145,144,144,139,138,134,127,122,111,103,88,71,56,23,42,62,70,78,88,101,122,139,139,148,159,169,172,171,166,161,158,155,149,142,132,126,112,106,87,64,47,13,28,50,65,74,82,90,110,128,131,144,163,174,177,179,176,170,168,164,157,152,142,134,115,106,83,61,40,6,18,41,58,69,76,82,96,115,124,135,147,158,164,170,170,167,162,159,153,148,137,130,112,95,73,52,31
169,178,185,170,164,178,173,171,167,164,164,170,176,167,166,165,162,157,154,160,162,174,186,170,180,177,168,162,166,174,174,162,175,174,170,168,165,162,170,171,178,178,175,167,164,158,156,157,161,172,185,164,182,180,168,162,165,170,173,159,175,172,165,164,163,165,169,170,176,178,178,168,158,158,157,156,154,163,171,169,179,180,166,160,164,172,168,163,172,163,162,162,158,160,159,159,154,152,156,148,142,141,146,148,151,152,165,172,174,179,168,159,161,167,166,168,166,163,162,156,149,136,154,164,176,199,160,150,154,139,131,119,143,146,154,168,170,177,169,158,164,169,168,168,162,159,158,132,147,149,141,139,142,146,134,134,118,134,139,138,124,130,137,156,168,178,169,156,164,171,173,165,154,158,124,144,129,109,117,141,151,138,143,158,146,108,116,118,136,117,126,149,162,180,172,155,164,174,174,163,154,145,127,129,129,190,155,202,202,187,202,200,195,140,202,125,114,124,101,143,163,182,170,155,165,176,175,162,154,118,138,130,172,191,180,201,201,191,202,202,204,171,184,169,152,130,107,137,153,181,168,155,165,176,170,159,149,121,123,177,172,169,158,206,216,205,180,209,206,113,138,125,174,128,119,129,151,182,167,152,163,175,163,158,137,114,117,151,12,31,42,28,32,25,40,24,20,39,65,60,155,98,120,130,151,180,165,152,163,173,164,158,137,114,70,71,36,75,106,147,136,138,121,83,85,108,124,125,76,95,125,128,147,177,163,151,161,171,168,155,142,125,23,34,49,94,89,132,107,117,101,86,75,71,84,125,103,93,130,137,147,173,160,150,158,168,170,154,140,119,28,93,104,109,118,122,99,101,90,94,75,69,66,87,124,89,137,132,148,171,158,148,157,168,167,157,141,132,64,126,128,129,135,142,111,115,114,120,115,103,100,81,113,102,152,136,154,165,158,146,157,165,165,159,143,125,98,129,129,139,133,138,131,118,118,129,136,132,121,121,56,91,154,137,158,166,157,142,159,165,166,160,142,98,116,131,143,144,146,146,138,124,126,138,140,140,131,118,79,75,133,148,158,164,153,141,157,163,168,163,145,110,121,129,141,144,148,149,146,135,139,148,141,140,135,119,96,79,144,148,161,161,149,136,156,164,168,165,148,136,85,120,135,141,144,149,148,142,145,152,146,150,144,120,102,117,167,161,164,160,145,136,153,162,166,166,151,193,74,118,126,141,144,137,142,137,145,148,148,148,143,119,61,132,150,160,161,158,142,135,150,160,165,164,152,175,96,107,126,131,137,138,136,142,145,147,144,141,140,137,61,160,127,155,156,152,141,135,147,155,164,165,160,148,146,102,127,128,140,141,137,135,143,143,144,139,132,120,79,175,143,160,156,151,136,132,144,153,161,164,162,142,202,87,125,125,126,136,141,139,146,143,139,133,127,110,123,161,151,159,156,147,131,134,143,151,160,163,164,152,172,93,122,118,115,115,128,134,134,135,135,124,113,86,154,135,157,157,151,144,132,129,140,148,157,163,166,160,147,155,104,120,120,118,121,128,132,138,138,128,109,92,158,108,155,157,149,142,129,130,138,144,155,163,168,156,132,174,91,123,134,126,130,131,133,136,143,132,99,129,123,140,157,157,148,136,123,124,135,140,153,158,168,167,120,150,116,127,164,141,144,140,143,139,143,139,95,152,115,167,159,158,143,132,119,120,136,135,152,160,171,159,152,142,154,109,125,141,136,141,141,148,144,122,125,120,96,153,160,157,140,128,117,120
252,251,251,252,252,252,252,252,252,142,65,254,252,255,252,252,252,145,132,215,174,219,250,187,243,218,248,252,252,252,252,252,252,252,252,252,253,143,255,252,252,254,254,251,251,142,128,214,158,77,76,251,252,250,198,252,252,238,252,252,252,252,156,136,131,132,135,147,158,168,91,94,70,129,118,162,110,70,185,252,252,252,233,252,173,194,250,252,252,252,127,113,114,110,111,117,53,92,172,181,80,104,117,125,225,205,235,254,252,252,252,253,59,148,88,97,113,115,121,97,94,92,92,96,184,146,146,117,135,38,41,23,235,175,215,251,252,252,252,252,120,41,70,72,80,42,117,92,83,79,82,38,196,199,210,95,121,142,126,41,162,160,169,144,252,252,252,252,69,73,61,59,56,161,114,86,76,75,73,39,203,202,61,124,152,174,186,126,75,202,94,204,252,252,252,252,58,66,50,49,49,151,105,81,73,71,68,55,210,183,103,146,175,194,213,210,44,233,202,222,252,252,252,252,47,59,42,49,52,141,103,73,69,66,62,62,215,144,132,165,174,197,212,228,50,233,178,223,252,252,252,252,56,46,16,44,44,137,94,74,66,64,105,88,68,85,141,162,180,204,219,229,56,233,156,104,250,252,252,252,53,46,17,38,45,134,98,73,67,63,33,99,66,117,119,181,178,118,225,170,62,190,109,120,128,252,252,252,62,58,25,38,40,130,95,76,70,66,38,82,27,70,157,127,175,129,210,90,72,135,229,82,136,252,252,252,63,51,35,27,37,49,102,86,78,72,61,126,38,76,146,142,141,143,166,226,87,105,225,205,115,252,252,252,49,47,27,197,146,117,70,62,60,47,40,220,58,96,155,176,172,162,150,236,63,89,221,177,224,252,252,252,39,39,139,122,108,107,92,81,64,52,41,174,217,155,159,175,187,132,167,239,57,80,199,152,164,248,252,252,51,138,111,100,98,93,81,80,68,50,36,89,202,201,150,167,179,170,180,158,51,62,167,142,122,200,138,252,46,114,95,84,95,92,79,76,60,45,23,96,115,92,151,165,151,172,160,59,57,49,138,98,89,133,194,120,73,102,86,82,83,84,79,68,54,32,22,101,129,79,145,167,155,84,129,80,59,63,122,69,74,95,130,180,125,97,82,81,81,78,66,56,43,27,24,24,70,28,65,148,161,138,214,236,240,216,81,49,64,79,101,120,128,88,81,80,76,76,58,48,32,23,12,10,9,32,29,135,173,190,208,240,240,199,224,68,112,121,81,92,132,90,79,78,71,65,52,38,33,30,27,28,28,28,33,115,25,229,246,219,175,232,232,246,83,118,123,81,138,87,78,75,71,60,48,165,160,177,173,71,25,83,74,33,15,24,158,173,173,190,227,215,247,111,105,123,141,83,73,73,66,57,184,170,176,176,189,186,150,147,219,29,22,47,124,199,149,201,215,201,221,225,86,92,143,81,73,71,65,62,181,179,176,186,186,173,138,145,32,18,20,22,205,208,199,141,185,170,200,230,72,70,147,83,71,72,66,52,185,182,184,199,199,119,157,168,37,8,15,34,176,204,177,154,136,161,174,212,248,66,139,82,67,71,65,61,185,200,207,192,205,202,132,24,49,42,15,140,237,207,158,156,132,154,157,188,217,249,138,77,68,70,64,60,189,194,198,207,213,197,108,31,10,45,43,165,170,186,177,141,116,150,157,171,189,219,138,78,68,73,67,57,188,196,211,212,176,189,180,29,17,51,37,36,50,178,113,124,45,142,155,158,170,192
208,184,202,190,184,165,144,123,151,158,186,168,160,144,148,167,183,152,158,161,169,172,188,195,211,184,206,218,190,194,193,195,141,159,122,126,106,102,153,150,170,189,187,147,133,128,144,152,163,172,160,189,198,192,198,211,182,191,177,152,127,135,84,97,97,124,139,95,164,196,153,100,103,129,79,124,127,144,169,186,203,203,175,200,192,184,152,95,108,151,152,151,112,157,190,195,198,197,202,197,175,166,108,109,164,144,118,149,158,196,186,193,188,149,86,104,113,114,168,195,186,196,207,205,205,196,208,207,206,179,178,118,137,151,94,106,164,176,197,179,155,107,101,138,153,170,170,177,183,180,183,193,213,208,216,204,201,196,200,189,190,154,157,93,140,151,173,170,106,83,130,141,148,145,150,163,155,147,160,168,166,168,177,181,180,176,176,175,190,186,163,150,96,119,176,174,105,99,148,138,147,127,158,162,204,187,232,235,210,228,234,226,123,209,149,145,160,166,172,160,112,101,137,166,88,114,115,133,125,212,227,207,226,209,244,240,231,235,242,224,208,214,199,236,173,136,142,149,158,76,107,124,104,119,118,144,108,111,101,59,44,41,46,20,22,12,23,37,23,17,14,190,219,128,127,133,153,121,97,125,110,113,115,106,87,86,91,47,33,14,8,9,5,26,24,23,20,15,14,15,14,22,107,126,129,156,92,167,142,102,124,68,61,104,50,24,17,11,10,10,10,19,35,22,13,12,8,15,20,22,17,131,124,151,124,129,176,133,121,75,65,96,14,21,29,30,15,21,23,20,65,27,14,18,16,9,14,22,19,101,142,154,156,150,189,151,153,68,82,43,38,49,37,52,58,58,62,77,60,45,50,27,19,17,24,28,24,40,139,158,178,153,183,141,151,63,94,33,40,70,94,98,102,104,102,101,102,96,104,103,85,84,50,32,37,16,184,156,186,178,175,165,123,82,113,44,76,99,110,129,136,132,136,135,110,120,125,119,107,93,86,76,50,19,195,170,183,187,183,169,161,98,134,57,92,126,140,155,165,152,149,148,121,140,148,151,150,148,121,102,82,44,184,175,179,208,162,153,195,133,160,94,116,111,158,174,169,172,159,150,119,154,167,171,172,162,153,130,97,84,199,164,193,202,174,161,183,138,184,127,113,130,170,176,174,175,169,162,122,168,173,178,173,172,169,157,96,170,180,176,191,198,168,162,156,145,168,178,147,124,169,170,166,174,167,164,125,167,173,171,168,167,165,142,43,222,178,181,193,198,177,161,142,191,181,184,186,146,154,172,169,172,173,168,133,174,190,160,167,164,160,132,163,191,173,175,189,202,183,159,138,167,156,180,190,117,162,166,184,184,167,168,147,177,166,192,187,161,156,175,203,156,173,176,189,195,177,158,141,131,151,193,211,165,153,165,207,192,179,192,147,172,181,181,194,161,181,151,168,151,165,176,189,195,173,166,142,114,145,149,201,108,123,147,156,173,176,173,162,180,179,182,165,162,171,188,145,164,171,189,190,189,170,166,162,112,125,152,126,63,122,126,157,151,164,156,159,159,165,157,149,152,171,154,139,173,166,184,182,211,187,168,158,128,116,135,157,160,210,150,146,150,122,138,134,144,149,215,158,155,154,122,175,166,181,184,185,212,173,159,152,161,115,129,152,180,158,184,192,212,209,213,221,203,182,171,163,159,126,150,172,169,184,183,196,208,172,170,152,159,160,127,137,161,181,187,197,194,198,194,191,205,213,193,162,127,156,170,173,172,179,175,201,175
174,163,186,203,202,190,179,143,146,137,92,80,72,87,89,106,107,108,111,136,152,164,165,151,132,141,151,165,177,178,202,206,197,188,163,153,137,148,115,78,66,69,74,91,100,104,116,124,150,159,161,158,151,145,149,161,181,192,201,199,187,180,163,154,130,141,110,76,63,76,92,110,116,104,111,120,140,152,152,153,150,147,149,160,190,188,193,190,177,172,167,148,130,142,97,72,77,92,108,115,128,116,119,144,142,151,149,150,141,148,146,158,189,180,186,175,156,147,165,152,145,152,125,78,108,109,129,131,123,125,131,134,137,143,140,147,144,143,137,143,181,176,176,170,145,137,167,170,166,162,145,109,118,127,149,148,140,137,145,141,148,148,128,135,135,140,135,137,169,166,147,157,155,182,197,189,187,183,161,143,139,145,166,170,157,167,164,159,159,158,139,131,116,129,114,128,141,137,132,163,182,190,185,181,166,153,143,162,165,159,164,148,137,140,146,155,165,168,151,127,110,123,107,115,136,142,150,168,180,160,135,135,129,120,117,113,128,126,116,111,107,111,103,99,105,113,121,104,83,97,113,112,140,140,125,142,130,106,98,78,80,92,117,113,91,82,100,100,84,69,74,75,69,64,41,41,48,79,99,104,130,102,81,72,55,55,85,104,100,100,95,83,70,71,77,91,109,115,114,117,118,99,103,118,87,82,112,127,126,87,64,99,117,140,165,165,159,146,142,142,144,133,141,149,149,141,147,136,125,133,146,143,118,85,103,130,129,102,124,180,175,174,166,174,182,180,175,167,161,145,144,158,155,150,151,156,165,169,157,153,136,110,120,140,120,131,164,179,197,201,203,208,204,195,192,182,175,159,166,163,167,167,180,183,179,164,161,158,160,140,116,125,139,142,180,194,195,189,191,196,194,189,171,153,145,135,131,135,146,157,174,173,171,164,164,166,167,151,121,125,138,173,196,193,189,181,182,182,175,159,127,111,98,95,101,117,131,133,142,149,155,161,166,169,174,160,134,122,147,177,192,195,195,182,170,165,154,139,121,112,113,122,114,124,126,124,133,149,161,170,171,171,163,156,139,127,151,174,194,196,188,187,178,167,153,140,128,121,123,115,124,134,135,135,142,158,168,172,170,168,165,156,142,129,158,174,185,185,188,184,181,167,157,145,135,134,119,112,119,136,142,145,153,163,168,170,167,168,169,151,145,134,150,161,176,187,186,182,181,178,170,151,150,137,112,117,124,133,143,149,153,161,167,170,173,169,160,155,147,150,164,153,173,176,181,188,185,194,188,178,168,158,154,159,151,153,156,157,151,158,170,172,167,157,146,152,147,162,162,142,173,174,187,195,194,201,187,183,156,155,159,152,149,149,147,141,143,151,164,164,168,168,157,150,154,160,167,159,172,176,185,193,187,180,169,175,162,165,152,145,149,151,143,136,140,150,159,160,167,167,157,157,159,166,167,172,172,178,171,181,173,166,178,181,168,153,145,152,162,162,147,147,136,146,156,148,159,153,164,161,155,158,147,168,163,176,181,164,167,166,178,176,158,154,138,144,158,156,152,155,143,152,158,154,154,139,147,158,150,149,156,145,149,159,180,160,171,169,184,177,154,151,133,142,141,142,140,147,143,139,149,145,148,144,148,147,138,145,153,130,147,152,153,154,146,144,159,142,138,132,118,132,124,132,136,137,142,141,117,130,135,143,150,136,133,134,139,140,147,167,138,155,143,143,135,125,128,122,112,121,126,128,130,135,129,126,108,119,121,131,145,130,127,129
242,250,203,185,194,199,202,125,52,173,133,97,53,121,113,47,113,142,67,113,108,107,104,163,80,123,105,67,221,253,253,252,252,231,175,208,193,166,119,90,99,121,155,145,133,30,43,114,109,131,97,67,47,118,40,97,138,253,253,233,252,251,253,252,173,88,106,94,42,61,32,25,84,164,190,123,115,117,91,50,34,107,183,106,186,253,253,241,59,56,68,52,71,56,60,66,33,14,11,10,11,21,250,242,117,112,150,39,42,94,151,115,254,252,104,67,32,33,38,33,65,43,51,36,10,12,8,9,11,11,37,253,123,121,177,140,152,172,162,149,234,248,60,65,29,30,39,14,59,37,36,10,9,10,10,12,17,15,28,251,111,116,181,126,157,252,253,252,48,35,46,52,26,32,32,31,53,30,22,12,12,12,16,23,32,24,37,59,104,66,180,123,80,240,253,253,28,33,35,46,31,37,32,75,49,32,21,13,9,22,38,38,52,55,59,38,139,128,159,118,96,65,253,253,24,17,38,44,5,40,46,66,46,30,15,14,17,34,67,85,93,104,123,72,124,117,149,135,61,91,253,253,25,44,36,35,14,36,43,63,44,29,10,17,22,57,95,108,117,128,149,173,79,133,137,186,135,74,253,253,27,37,52,31,17,40,30,60,40,24,10,12,21,85,104,120,126,141,154,182,81,120,116,191,146,110,252,253,24,36,45,33,9,29,14,60,39,29,10,9,45,93,107,113,120,137,163,181,85,123,111,191,138,131,252,253,24,32,52,32,11,25,10,59,43,40,116,13,86,92,89,76,137,148,165,176,91,121,109,190,132,118,247,253,23,30,49,40,79,67,60,60,39,37,107,64,102,121,73,85,97,147,114,48,92,114,105,185,128,114,251,248,18,23,204,71,64,56,58,57,51,52,18,108,99,104,100,81,87,115,136,189,72,108,98,174,125,96,247,251,23,26,70,60,55,50,54,52,46,54,19,23,102,116,103,108,101,107,166,201,71,100,74,166,122,60,240,251,22,18,61,53,43,44,45,42,39,49,42,25,111,122,129,137,99,107,175,240,55,89,65,163,109,75,207,250,15,58,67,46,41,41,40,35,33,57,44,47,117,137,161,123,130,156,141,211,102,115,93,154,108,63,108,250,26,80,58,41,35,32,29,69,64,71,75,81,120,149,131,132,177,206,227,242,112,68,84,148,119,158,252,109,138,84,53,37,32,79,81,60,68,77,102,96,121,150,135,142,127,199,252,249,252,92,51,151,117,92,162,252,19,90,49,36,87,86,70,79,76,81,107,113,132,158,151,139,160,250,253,153,253,253,87,91,111,107,101,146,25,89,47,38,86,79,80,64,86,87,110,128,143,161,179,200,186,253,251,145,252,253,94,124,105,108,107,107,39,92,48,38,86,89,80,86,91,95,110,150,151,165,188,253,253,252,211,140,202,252,116,127,126,126,112,108,251,83,45,84,87,88,90,84,113,106,122,163,158,188,252,253,253,251,227,151,157,251,252,130,126,131,121,109,219,68,42,95,90,93,97,71,97,119,127,171,174,252,253,253,253,251,252,142,147,248,253,120,108,119,113,118,251,66,43,63,109,95,110,114,93,133,122,138,198,253,253,253,252,251,252,148,250,209,253,97,95,107,110,113,228,67,38,42,113,129,108,125,128,152,124,146,252,252,253,253,253,252,215,161,251,188,253,232,85,102,105,107,229,63,38,41,115,125,144,148,124,137,130,233,253,253,249,251,252,253,141,254,254,182,252,246,81,101,102,104
